[
    {
        "images": "https://mini-io-api.texnomart.uz/catalog/product/3569/356935/204454/f0f2442e-a9ce-4e8f-a46a-4e176df9d2ff.webp",
        "title": "Samsung Galaxy A55 5G 8/256GB Black",
        "credit_price": "Muddatli to'lov476 584 so'mdan / 18 oy",
        "price": "5 719 000so'm"
    },
    {
        "images": "https://mini-io-api.texnomart.uz/catalog/product/1044/104445/181647/c6897c69-8570-4572-986d-45756173d0ac.jpg",
        "title": "Xiaomi Redmi 10A 2/32Gb Chrome Silver",
        "credit_price": "Muddatli to'lov139 834 so'mdan / 18 oy",
        "price": "1 678 000so'm"
    },
    {
        "images": "https://mini-io-api.texnomart.uz/catalog/product/3558/355838/190050/1def2015-0907-43f5-81b7-0f859702dd3f.webp",
        "title": "Huawei nova Y61 6/64Gb Mint Green",
        "credit_price": "Muddatli to'lov180 584 so'mdan / 18 oy",
        "price": "2 167 000so'm"
    },
    {
        "images": "https://mini-io-api.texnomart.uz/catalog/product/3569/356952/204438/812bdab2-6124-4932-a44e-4cc5c74d740c.webp",
        "title": "Xiaomi Redmi A3 4/128GB Midnight Black",
        "credit_price": "Muddatli to'lov120 750 so'mdan / 18 oy",
        "price": "1 373 000so'm"
    },
    {
        "images": "https://mini-io-api.texnomart.uz/catalog/product/3575/357526/204540/20a096a4-e2a9-4818-b1f2-e3757eecd924.webp",
        "title": "Honor X6b 6/256GB Forest Green",
        "credit_price": "Muddatli to'lov170 750 so'mdan / 18 oy",
        "price": "2 049 000so'm"
    },
    {
        "images": "https://mini-io-api.texnomart.uz/catalog/product/3551/355181/204235/588488b4-92db-439e-94e8-978b14f7b7bb.webp",
        "title": "OPPO Reno 8T 8/128Gb Sunset Orange",
        "credit_price": "Muddatli to'lov344 917 so'mdan / 18 oy",
        "price": "4 139 000so'm"
    },
    {
        "images": "https://mini-io-api.texnomart.uz/catalog/product/3558/355841/204277/4c3d66ee-f433-414f-b775-cb392e9eb74c.webp",
        "title": "OPPO Reno 8T 5G 8/256Gb Sunrise Gold",
        "credit_price": "Muddatli to'lov490 750 so'mdan / 18 oy",
        "price": "5 889 000so'm"
    },
    {
        "images": "https://mini-io-api.texnomart.uz/catalog/product/3569/356951/196555/d487f50d-dd80-4164-a246-1fe3e8724d69.webp",
        "title": "Xiaomi Redmi 12 8/256GB Midnight Black",
        "credit_price": "Muddatli to'lov205 250 so'mdan / 18 oy",
        "price": "2 463 000so'm"
    },
    {
        "images": "https://mini-io-api.texnomart.uz/catalog/product/3575/357525/204542/02a80a1c-65e9-4d1f-bd32-65ee0c084b0c.webp",
        "title": "Honor X6b 6/256GB Midnight Black",
        "credit_price": "Muddatli to'lov170 750 so'mdan / 18 oy",
        "price": "2 049 000so'm"
    },
    {
        "images": "https://mini-io-api.texnomart.uz/catalog/product/3589/358924/212147/8b7b8f65-a5d7-4af2-beeb-32c790985e9c.webp",
        "title": "Huawei Pura 80 Pro\u00a012/512GB Black",
        "credit_price": "Muddatli to'lov1 024 917 so'mdan / 18 oy",
        "price": "12 299 000so'm"
    },
    {
        "images": "https://mini-io-api.texnomart.uz/catalog/product/3589/358925/212169/8c6312ea-706c-4cec-9649-b50bcf69dad4.webp",
        "title": "Huawei Pura 80 Pro\u00a012/512GB Red",
        "credit_price": "Muddatli to'lov1 024 917 so'mdan / 18 oy",
        "price": "12 299 000so'm"
    },
    {
        "images": "https://mini-io-api.texnomart.uz/catalog/product/3571/357128/204709/16f82de2-f72f-4abe-8b40-bc3b0bc93c33.webp",
        "title": "Huawei nova 12i 8/128GB Green",
        "credit_price": "Muddatli to'lov247 167 so'mdan / 18 oy",
        "price": "2 966 000so'm"
    },
    {
        "images": "https://mini-io-api.texnomart.uz/catalog/product/3588/358819/211574/51c5803a-ee65-4cb3-a3e4-d2276a7f0e36.webp",
        "title": "OPPO Reno14 F 8/256GB Opal Blue",
        "credit_price": "Muddatli to'lov476 584 so'mdan / 18 oy",
        "price": "5 391 000so'm"
    },
    {
        "images": "https://mini-io-api.texnomart.uz/catalog/product/3573/357353/204594/b8ce3fb7-3097-4a26-b8ab-9cac3676f715.webp",
        "title": "Vivo Y18 6/128GB Wave Aqua",
        "credit_price": "Muddatli to'lov194 917 so'mdan / 18 oy",
        "price": "2 339 000so'm"
    },
    {
        "images": "https://mini-io-api.texnomart.uz/catalog/product/3584/358455/209783/fb90b2d2-efdb-4b52-970b-ed792ec00fe5.webp",
        "title": "Xiaomi Redmi Note 14S 8/128GB Midnight Black",
        "credit_price": "Muddatli to'lov268 250 so'mdan / 18 oy",
        "price": "3 271 000so'm"
    },
    {
        "images": "https://mini-io-api.texnomart.uz/catalog/product/3589/358944/212293/f77c8512-7f65-4117-ad19-6e39cc59b087.webp",
        "title": "Infinix GT 30 Pro 12/256GB Shadow Ash",
        "credit_price": "Muddatli to'lov486 834 so'mdan / 18 oy",
        "price": "5 842 000so'm"
    },
    {
        "images": "https://mini-io-api.texnomart.uz/catalog/product/3590/359048/212658/06756656-3243-439a-81c9-a36cd3886407.webp",
        "title": "Infinix Smart 10 4/64GB Titanium Silver",
        "credit_price": "Muddatli to'lov130 750 so'mdan / 18 oy",
        "price": "1 569 000so'm"
    },
    {
        "images": "https://mini-io-api.texnomart.uz/catalog/product/3583/358328/209577/5420861a-bca7-452a-94af-1e104a54d055.webp",
        "title": "Samsung Galaxy A56 5G 8/256GB Green",
        "credit_price": "Muddatli to'lov472 417 so'mdan / 18 oy",
        "price": "5 669 000so'm"
    },
    {
        "images": "https://mini-io-api.texnomart.uz/catalog/product/3572/357216/204665/9a9024a9-1fc0-44d7-88a0-ad4eece12e2d.webp",
        "title": "Samsung Galaxy A55 5G 8/256GB Blue",
        "credit_price": "Muddatli to'lov472 417 so'mdan / 18 oy",
        "price": "5 669 000so'm"
    },
    {
        "images": "https://mini-io-api.texnomart.uz/catalog/product/3580/358000/205692/d9050782-3ff3-4c4a-a240-fb777da05983.webp",
        "title": "Infinix Smart 9 4/128GB Mint Green",
        "credit_price": "Muddatli to'lov99 917 so'mdan / 18 oy",
        "price": "1 199 000so'm"
    }
]